{
  "src": [
    "./assets/sfx.ogg",
    "./assets/sfx.m4a"
  ],
  "sprite": {
    "sweep0": [
      0,
      350.8616780045352
    ],
    "sweep1": [
      2000,
      315.0113378684809
    ],
    "sweep2": [
      4000,
      357.14285714285677
    ],
    "sweep3": [
      6000,
      344.6258503401358
    ]
  }
}