{
  "src": [
    "./assets/sfx.ogg",
    "./assets/sfx.m4a"
  ],
  "sprite": {
    "clang": [
      0,
      368.140589569161
    ],
    "explosion": [
      2000,
      1183.6507936507937
    ],
    "push0": [
      5000,
      1367.9138321995463
    ],
    "push1": [
      8000,
      1492.2448979591838
    ],
    "push2": [
      11000,
      1725.3968253968246
    ],
    "push3": [
      14000,
      1383.4240362811788
    ],
    "sweep0": [
      17000,
      350.8616780045344
    ],
    "sweep1": [
      19000,
      315.01133786848004
    ],
    "sweep2": [
      21000,
      357.1428571428577
    ],
    "sweep3": [
      23000,
      344.6258503401367
    ],
    "warp": [
      25000,
      3080.272108843538
    ]
  }
}