{
  "src": [
    "./assets/sfx.ogg",
    "./assets/sfx.m4a"
  ],
  "sprite": {
    "explosion": [
      0,
      1183.6507936507937
    ],
    "sweep0": [
      3000,
      350.8616780045353
    ],
    "sweep1": [
      5000,
      315.0113378684809
    ],
    "sweep2": [
      7000,
      357.14285714285677
    ],
    "sweep3": [
      9000,
      344.6258503401367
    ],
    "warp": [
      11000,
      3080.272108843538
    ]
  }
}